recency_days,frequency,monetary,aov,Cluster
516.0619469026548,7.274336283185841,1323.2525637168142,185.01730247774523,0
81.03984819734346,11.93168880455408,2036.9584535104366,176.557076340803,1
105.7777777777778,18.849673202614376,7020.890298039216,436.25438016592693,2
