recency_days,frequency,monetary,aov
516.0619469026548,7.274336283185841,1323.2525637168144,185.0173024777452
81.03984819734346,11.93168880455408,2036.9584535104366,176.557076340803
105.77777777777777,18.849673202614376,7020.890298039216,436.25438016592693
