k,SSD,Silhouette
1,3171.9999999999995,
2,2252.1905155010527,0.3193759197939433
3,1710.1558490377988,0.3739235482915307
4,1312.8709703657219,0.3388639305174398
5,1108.554260622478,0.34829341705557537
6,946.1845934197702,0.32487863713703247
7,846.8131753349372,0.3014572330138245
8,755.2684467807505,0.3070332004230054
