Cluster,customers,orders,total_sales,avg_order_value,avg_frequency,avg_recency_days,avg_discount,avg_ship_delay,total_profit
0,113,822,149527.5397,185.01730247774523,7.274336283185841,516.0619469026549,0.16762577161978517,3.8733923098707064,15736.495499999999
1,527,6288,1073477.105,176.55707634080304,11.93168880455408,81.03984819734346,0.15878809827819765,3.944942858418294,110060.8505
2,153,2884,1074196.2156,436.2543801659269,18.84967320261438,105.77777777777777,0.14548982503250052,4.034215765277216,160599.6757
