{
  "total_transactions": 9994,
  "total_sales": 2297200.8603000003,
  "avg_sales_per_month": 47858.35125625
}